timestamp,numbackends,active_backends,idle_backends,xact_commit,xact_rollback,blks_hit,blks_read,cache_hit_pct,temp_bytes,deadlocks,lock_waits,buffers_checkpoint,checkpoint_write_ms
2026-05-12T00:12:29Z,1,4,0,105,0,100.00,0,0,1,0,0,435,0
2026-05-12T00:12:34Z,1,12,0,1106,0,100.00,0,0,1,0,0,553,0
2026-05-12T00:12:39Z,1,20,0,2107,0,100.00,0,0,1,0,0,671,0
2026-05-12T00:12:44Z,1,28,0,3108,0,100.00,0,0,1,0,0,787,0
2026-05-12T00:12:49Z,49,534,0,164239,0,100.00,0,0,1,48,0,904,0
2026-05-12T00:12:55Z,49,2273,0,1162164,0,100.00,0,0,1,48,0,1022,0
2026-05-12T00:13:00Z,49,3464,0,1995896,0,100.00,0,0,2,47,0,1138,0
2026-05-12T00:13:05Z,49,4657,0,2777112,0,100.00,0,0,1,48,0,1256,0
2026-05-12T00:13:10Z,49,5766,0,3506714,0,100.00,0,0,1,48,0,1373,0
2026-05-12T00:13:15Z,49,6989,0,3879561,0,100.00,0,0,1,48,0,1489,0
2026-05-12T00:13:20Z,49,8138,0,4404657,0,100.00,0,0,1,48,0,1607,0
2026-05-12T00:13:26Z,49,9287,0,5032125,0,100.00,0,0,1,48,0,1725,0
2026-05-12T00:13:31Z,49,10437,0,5455000,0,100.00,0,0,1,48,0,1842,0
2026-05-12T00:13:36Z,49,11580,0,5826569,0,100.00,0,0,1,48,0,1960,0
2026-05-12T00:13:41Z,49,12772,0,6352785,0,100.00,0,0,1,48,0,2076,0
2026-05-12T00:13:46Z,49,13908,0,7031269,0,100.00,0,0,1,48,0,2194,0
2026-05-12T00:13:52Z,49,15128,0,7506355,0,100.00,0,0,1,48,0,2311,0
2026-05-12T00:13:57Z,49,16269,0,7827051,0,100.00,0,0,1,48,0,2429,0
2026-05-12T00:14:02Z,49,17393,0,8454263,0,100.00,0,0,2,47,0,2532,269159
2026-05-12T00:14:07Z,49,18547,0,9030623,0,100.00,0,0,2,47,0,2532,269159
2026-05-12T00:14:12Z,49,19704,0,9607269,0,100.00,0,0,1,48,0,2532,269159
2026-05-12T00:14:18Z,49,20817,0,10285808,0,100.00,0,0,1,48,0,2532,269159
2026-05-12T00:14:23Z,49,21956,0,10811090,0,100.00,0,0,1,48,0,2532,269159
2026-05-12T00:14:28Z,49,23083,0,11182844,0,100.00,0,0,1,48,0,2532,269159
2026-05-12T00:14:33Z,49,24219,0,11810159,0,100.00,0,0,1,48,0,2532,269159
2026-05-12T00:14:38Z,49,25407,0,12489358,0,100.00,0,0,2,47,0,2532,269159
2026-05-12T00:14:44Z,49,26534,0,13474430,0,100.00,0,0,1,48,0,2532,269159
2026-05-12T00:14:49Z,49,27721,0,13897801,0,100.00,0,0,2,47,0,2532,269159
2026-05-12T00:14:54Z,49,28868,0,14474116,0,100.00,0,0,1,48,0,2532,269159
2026-05-12T00:14:59Z,49,30039,0,14845917,0,100.00,0,0,1,48,0,2532,269159
2026-05-12T00:15:04Z,49,31166,0,15319839,0,100.00,0,0,1,48,0,2532,269159
2026-05-12T00:15:10Z,49,32371,0,15947884,0,100.00,0,0,1,48,0,2532,269159
2026-05-12T00:15:15Z,49,33496,0,16370553,0,100.00,0,0,1,48,0,2532,269159
2026-05-12T00:15:20Z,49,34714,0,16691778,0,100.00,0,0,1,48,0,2532,269159
2026-05-12T00:15:25Z,49,35853,0,17165599,0,100.00,0,0,1,48,0,2532,269159
2026-05-12T00:15:30Z,49,36994,0,17639450,0,100.00,0,0,2,47,0,2532,269159
2026-05-12T00:15:35Z,49,38143,0,18216035,0,100.00,0,0,1,48,0,2532,269159
2026-05-12T00:15:41Z,49,39291,0,18741214,0,100.00,0,0,1,48,0,2532,269159
2026-05-12T00:15:46Z,49,40441,0,19010967,0,100.00,0,0,1,48,0,2532,269159
2026-05-12T00:15:51Z,49,41608,0,19281016,0,100.00,0,0,1,48,0,2532,269159
2026-05-12T00:15:56Z,49,42713,0,19754769,0,100.00,0,0,1,48,0,2532,269159
2026-05-12T00:16:01Z,49,43864,0,20126563,0,100.00,0,0,2,47,0,2532,269159
2026-05-12T00:16:06Z,49,44997,0,20856000,0,100.00,0,0,1,48,0,2532,269159
2026-05-12T00:16:12Z,49,46161,0,21381191,0,100.00,0,0,1,48,0,2532,269159
2026-05-12T00:16:17Z,49,47362,0,21856322,0,100.00,0,0,1,48,0,2532,269159
2026-05-12T00:16:22Z,49,48518,0,22585501,0,100.00,0,0,1,48,0,2532,269159
2026-05-12T00:16:27Z,49,49689,0,23161793,0,100.00,0,0,1,48,0,2532,269159
2026-05-12T00:16:32Z,49,50819,0,23482415,0,100.00,0,0,1,48,0,2532,269159
2026-05-12T00:16:37Z,49,51951,0,23803584,0,100.00,0,0,1,48,0,2532,269159
2026-05-12T00:16:43Z,49,53087,0,24379683,0,100.00,0,0,2,47,0,2532,269159
2026-05-12T00:16:48Z,49,54211,0,25006663,0,100.00,0,0,1,48,0,2532,269159
2026-05-12T00:16:53Z,49,55363,0,25583345,0,100.00,0,0,1,48,0,2532,269159
2026-05-12T00:16:58Z,49,56517,0,26057323,0,100.00,0,0,1,48,0,2532,269159
2026-05-12T00:17:03Z,49,57640,0,26480076,0,100.00,0,0,1,48,0,2532,269159
2026-05-12T00:17:08Z,49,58805,0,26851937,0,100.00,0,0,1,48,0,2532,269159
2026-05-12T00:17:14Z,49,59955,0,27479398,0,100.00,0,0,1,48,0,2532,269159
2026-05-12T00:17:19Z,49,61119,0,28311037,0,100.00,0,0,1,48,0,2532,269159
2026-05-12T00:17:24Z,49,62227,0,28734015,0,100.00,0,0,1,48,0,2532,269159
2026-05-12T00:17:29Z,49,63388,0,29259601,0,100.00,0,0,1,48,0,2532,269159
2026-05-12T00:17:34Z,49,64492,0,29631267,0,100.00,0,0,1,48,0,2532,269159
2026-05-12T00:17:39Z,49,65666,0,29952508,0,100.00,0,0,1,48,0,2532,269159
2026-05-12T00:17:45Z,49,66590,0,30526185,0,100.00,0,0,1,48,0,2532,269159
2026-05-12T00:17:50Z,49,67308,0,30842428,0,100.00,0,0,1,48,0,2532,269159
2026-05-12T00:17:55Z,49,69233,0,32042938,0,100.00,0,0,3,46,0,2532,269159
2026-05-12T00:18:00Z,49,71805,0,33507759,0,100.00,0,0,2,47,0,2532,269159
2026-05-12T00:18:05Z,49,74286,0,34919942,0,100.00,0,0,1,48,0,2532,269159
2026-05-12T00:18:11Z,49,75800,0,35757216,0,100.00,0,0,1,48,0,2532,269159
2026-05-12T00:18:16Z,49,77542,0,36648245,0,100.00,0,0,1,48,0,2532,269159
2026-05-12T00:18:21Z,49,79051,0,37689631,0,100.00,0,0,1,48,0,2532,269159
2026-05-12T00:18:26Z,49,80120,0,38521145,0,100.00,0,0,1,48,0,2532,269159
2026-05-12T00:18:31Z,49,81203,0,38944298,0,100.00,0,0,1,48,0,2532,269159
2026-05-12T00:18:36Z,49,82283,0,39418338,0,100.00,0,0,2,47,0,2532,269159
2026-05-12T00:18:42Z,49,84329,0,40619935,0,100.00,0,0,1,48,0,2532,269159
2026-05-12T00:18:47Z,49,86275,0,41974090,0,100.00,0,0,2,47,0,2532,269159
2026-05-12T00:18:52Z,49,89107,0,43850431,0,100.00,0,0,1,48,0,2532,269159
2026-05-12T00:18:57Z,49,91967,0,45369707,0,100.00,0,0,1,48,0,2532,269159
2026-05-12T00:19:02Z,49,94928,0,47247782,0,100.00,0,0,1,48,0,2532,269159
2026-05-12T00:19:08Z,49,98409,0,48621655,0,100.00,0,0,1,48,0,2532,269159
2026-05-12T00:19:13Z,49,101185,0,50190792,0,100.00,0,0,2,47,0,2532,269159
2026-05-12T00:19:18Z,49,105278,0,53053840,0,100.00,0,0,1,48,0,2532,269159
2026-05-12T00:19:23Z,49,109884,0,56076767,0,100.00,0,0,1,48,0,2532,269159
2026-05-12T00:19:28Z,49,114912,0,59105313,0,100.00,0,0,1,48,0,2532,269159
2026-05-12T00:19:34Z,49,121470,0,62460105,0,100.00,0,0,2,47,0,2532,269159
2026-05-12T00:19:39Z,49,128559,0,65668379,0,100.00,0,0,2,47,0,2532,269159
2026-05-12T00:19:44Z,49,134411,0,68912018,0,100.00,0,0,2,47,0,2532,269159
2026-05-12T00:19:49Z,49,140899,0,72317834,0,100.00,0,0,3,46,0,2532,269159
2026-05-12T00:19:55Z,49,147769,0,75931599,0,100.00,0,0,2,47,0,2532,269159
2026-05-12T00:20:00Z,49,155489,0,80118373,0,100.00,0,0,5,44,0,2532,269159
2026-05-12T00:20:05Z,49,163100,0,83741768,0,100.00,0,0,2,47,0,2532,269159
2026-05-12T00:20:10Z,49,170197,0,87768038,0,100.00,0,0,2,47,0,2532,269159
2026-05-12T00:20:16Z,49,176040,0,90755383,0,100.00,0,0,2,47,0,2532,269159
2026-05-12T00:20:21Z,49,183391,0,94018254,0,100.00,0,0,9,40,0,2532,269159
2026-05-12T00:20:26Z,49,190665,0,97892953,0,100.00,0,0,1,48,0,2532,269159
2026-05-12T00:20:32Z,49,197653,0,102122062,0,100.00,0,0,3,46,0,2532,269159
2026-05-12T00:20:37Z,49,204868,0,106252292,0,100.00,0,0,2,47,0,2532,269159
2026-05-12T00:20:42Z,49,211056,0,110010487,0,100.00,0,0,3,46,0,2532,269159
2026-05-12T00:20:47Z,49,216498,0,113198212,0,100.00,0,0,1,48,0,2532,269159
2026-05-12T00:20:53Z,49,222567,0,115984511,0,100.00,0,0,2,47,0,2532,269159
2026-05-12T00:20:58Z,49,228326,0,118818023,0,100.00,0,0,1,48,0,2532,269159
2026-05-12T00:21:03Z,49,234091,0,121805331,0,100.00,0,0,4,45,0,2532,269159
2026-05-12T00:21:08Z,49,239507,0,124481916,0,100.00,0,0,3,46,0,2532,269159
2026-05-12T00:21:13Z,49,243388,0,126269681,0,100.00,0,0,1,48,0,2532,269159
2026-05-12T00:21:19Z,49,245485,0,127063453,0,100.00,0,0,2,47,0,2532,269159
2026-05-12T00:21:24Z,49,248099,0,128374748,0,100.00,0,0,1,48,0,2532,269159
2026-05-12T00:21:29Z,49,250413,0,129222464,0,100.00,0,0,3,46,0,2532,269159
2026-05-12T00:21:34Z,49,252551,0,130425602,0,100.00,0,0,1,48,0,2532,269159
2026-05-12T00:21:39Z,49,254791,0,130965773,0,100.00,0,0,1,48,0,2532,269159
2026-05-12T00:21:45Z,49,258663,0,132906246,0,100.00,0,0,1,48,0,2532,269159
2026-05-12T00:21:50Z,49,263206,0,135161888,0,100.00,0,0,2,47,0,2532,269159
2026-05-12T00:21:55Z,49,268083,0,137728397,0,100.00,0,0,2,47,0,2532,269159
2026-05-12T00:22:00Z,49,272639,0,140699946,0,100.00,0,0,2,47,0,2532,269159
2026-05-12T00:22:06Z,49,277458,0,143317216,0,100.00,0,0,3,46,0,2532,269159
2026-05-12T00:22:11Z,49,282386,0,146446933,0,100.00,0,0,4,45,0,2532,269159
2026-05-12T00:22:16Z,49,289907,0,149456551,0,100.00,0,0,1,48,0,2532,269159
2026-05-12T00:22:21Z,49,297249,0,153230223,0,100.00,0,0,1,48,0,2532,269159
2026-05-12T00:22:26Z,49,304426,0,156235597,0,100.00,0,0,1,48,0,2532,269159
2026-05-12T00:22:32Z,49,311233,0,158623059,0,100.00,0,0,2,47,0,2532,269159
2026-05-12T00:22:37Z,49,317068,0,161713787,0,100.00,0,0,2,47,0,2532,269159
2026-05-12T00:22:42Z,49,324638,0,165439749,0,100.00,0,0,7,42,0,2532,269159
2026-05-12T00:22:48Z,49,334765,0,170271332,0,100.00,0,0,2,47,0,2532,269159
2026-05-12T00:22:53Z,49,345317,0,175261329,0,100.00,0,0,7,42,0,2532,269159
2026-05-12T00:22:58Z,49,355248,0,180652059,0,100.00,0,0,5,44,0,2532,269159
2026-05-12T00:23:04Z,49,365412,0,185330473,0,100.00,0,0,3,46,0,2532,269159
2026-05-12T00:23:09Z,49,375662,0,190060726,0,100.00,0,0,2,47,0,2532,269159
2026-05-12T00:23:14Z,49,383682,0,193536819,0,100.00,0,0,2,47,0,2532,269159
2026-05-12T00:23:19Z,49,390987,0,197616727,0,100.00,0,0,3,46,0,2532,269159
2026-05-12T00:23:25Z,49,398929,0,201040597,0,100.00,0,0,3,46,0,2532,269159
2026-05-12T00:23:30Z,49,406454,0,204408113,0,100.00,0,0,3,46,0,2532,269159
2026-05-12T00:23:35Z,49,413912,0,208183129,0,100.00,0,0,1,48,0,2532,269159
2026-05-12T00:23:40Z,49,420805,0,211592906,0,100.00,0,0,2,47,0,2532,269159
2026-05-12T00:23:46Z,49,427625,0,214900515,0,100.00,0,0,1,48,0,2532,269159
2026-05-12T00:23:51Z,49,434882,0,218111133,0,100.00,0,0,1,48,0,2532,269159
2026-05-12T00:23:56Z,49,442128,0,221679153,0,100.00,0,0,2,47,0,2532,269159
2026-05-12T00:24:01Z,49,449551,0,224892341,0,100.00,0,0,2,47,0,2532,269159
2026-05-12T00:24:06Z,49,456976,0,228615735,0,100.00,0,0,1,48,0,2532,269159
2026-05-12T00:24:12Z,49,464333,0,232134249,0,100.00,0,0,1,48,0,2532,269159
2026-05-12T00:24:17Z,49,470028,0,234711499,0,100.00,0,0,2,47,0,2532,269159
2026-05-12T00:24:22Z,49,475273,0,237385028,0,100.00,0,0,2,47,0,2532,269159
2026-05-12T00:24:27Z,49,480691,0,240060546,0,100.00,0,0,3,46,0,2532,269159
2026-05-12T00:24:32Z,49,486178,0,243043616,0,100.00,0,0,2,47,0,2532,269159
2026-05-12T00:24:38Z,49,491347,0,246022614,0,100.00,0,0,3,46,0,2532,269159
2026-05-12T00:24:43Z,49,496903,0,249313171,0,100.00,0,0,3,46,0,2532,269159
2026-05-12T00:24:48Z,49,503005,0,252202581,0,100.00,0,0,5,44,0,2532,269159
2026-05-12T00:24:54Z,49,509034,0,255192458,0,100.00,0,0,2,47,0,2532,269159
2026-05-12T00:24:59Z,49,514781,0,257515000,0,100.00,0,0,2,47,0,2532,269159
2026-05-12T00:25:04Z,49,520193,0,260037365,0,100.00,0,0,1,48,0,2532,269159
2026-05-12T00:25:09Z,49,525348,0,263016399,0,100.00,0,0,1,48,0,2532,269159
2026-05-12T00:25:14Z,49,531917,0,267034983,0,100.00,0,0,7,42,0,2532,269159
2026-05-12T00:25:20Z,49,540954,0,271392713,0,100.00,0,0,2,47,0,2532,269159
2026-05-12T00:25:25Z,49,550895,0,276375119,0,100.00,0,0,3,46,0,2532,269159
2026-05-12T00:25:30Z,49,559480,0,280930369,0,100.00,0,0,3,46,0,2532,269159
2026-05-12T00:25:36Z,49,569009,0,285856159,0,100.00,0,0,3,46,0,2532,269159
2026-05-12T00:25:41Z,49,577777,0,290669431,0,100.00,0,0,4,45,0,2532,269159
2026-05-12T00:25:46Z,49,583311,0,293908775,0,100.00,0,0,1,48,0,2532,269159
2026-05-12T00:25:51Z,49,587920,0,296011969,0,100.00,0,0,2,47,0,2532,269159
2026-05-12T00:25:56Z,49,592832,0,298323955,0,100.00,0,0,3,46,0,2532,269159
2026-05-12T00:26:02Z,49,597289,0,300783287,0,100.00,0,0,1,48,0,2532,269159
2026-05-12T00:26:07Z,49,602085,0,303042106,0,100.00,0,0,2,47,0,2532,269159
2026-05-12T00:26:12Z,49,606772,0,305503472,0,100.00,0,0,2,47,0,2532,269159
2026-05-12T00:26:17Z,49,613010,0,308343006,0,100.00,0,0,3,46,0,2532,269159
2026-05-12T00:26:23Z,49,618990,0,311638987,0,100.00,0,0,1,48,0,2532,269159
2026-05-12T00:26:28Z,49,624804,0,314728337,0,100.00,0,0,2,47,0,2532,269159
2026-05-12T00:26:33Z,49,630556,0,318123603,0,100.00,0,0,2,47,0,2532,269159
2026-05-12T00:26:38Z,49,636459,0,321316324,0,100.00,0,0,3,46,0,2532,269159
2026-05-12T00:26:44Z,49,642674,0,324717504,0,100.00,0,0,4,45,0,2532,269159
2026-05-12T00:26:49Z,49,649872,0,328590972,0,100.00,0,0,2,47,0,2532,269159
2026-05-12T00:26:54Z,49,657538,0,332725544,0,100.00,0,0,3,46,0,2532,269159
2026-05-12T00:26:59Z,49,665129,0,336859612,0,100.00,0,0,4,45,0,2532,269159
2026-05-12T00:27:05Z,49,672917,0,340842678,0,100.00,0,0,1,48,0,2532,269159
2026-05-12T00:27:10Z,49,680572,0,344517866,0,100.00,0,0,3,46,0,2532,269159
2026-05-12T00:27:15Z,49,688937,0,348865772,0,100.00,0,0,3,46,0,2532,269159
2026-05-12T00:27:20Z,49,698503,0,353382862,0,100.00,0,0,4,45,0,2532,269159
2026-05-12T00:27:25Z,49,707533,0,358506262,0,100.00,0,0,3,46,0,2532,269159
2026-05-12T00:27:31Z,49,715636,0,362033656,0,100.00,0,0,6,43,0,2532,269159
2026-05-12T00:27:36Z,49,724678,0,366850198,0,100.00,0,0,1,48,0,2532,269159
2026-05-12T00:27:41Z,49,732670,0,371398186,0,100.00,0,0,5,44,0,2532,269159
2026-05-12T00:27:47Z,49,741175,0,375901776,0,100.00,0,0,2,47,0,2532,269159
2026-05-12T00:27:52Z,49,749738,0,380916367,0,100.00,0,0,2,47,0,2532,269159
2026-05-12T00:27:57Z,49,758307,0,385114438,0,100.00,0,0,6,43,0,2532,269159
2026-05-12T00:28:02Z,49,766780,0,389770907,0,100.00,0,0,2,47,0,2532,269159
2026-05-12T00:28:08Z,49,775744,0,393105646,0,100.00,0,0,4,45,0,2532,269159
2026-05-12T00:28:13Z,49,784269,0,397609676,0,100.00,0,0,1,48,0,2532,269159
2026-05-12T00:28:18Z,49,794372,0,401878989,0,100.00,0,0,6,43,0,2532,269159
2026-05-12T00:28:24Z,49,804299,0,406911722,0,100.00,0,0,3,46,0,2532,269159
2026-05-12T00:28:29Z,49,813237,0,411574437,0,100.00,0,0,1,48,0,2532,269159
2026-05-12T00:28:34Z,49,823407,0,416405884,0,100.00,0,0,12,37,0,2532,269159
2026-05-12T00:28:40Z,49,832958,0,421688641,0,100.00,0,0,8,41,0,2532,269159
2026-05-12T00:28:45Z,49,840906,0,426133713,0,100.00,0,0,1,48,0,2532,269159
2026-05-12T00:28:50Z,49,846460,0,428453998,0,100.00,0,0,1,48,0,2532,269159
2026-05-12T00:28:55Z,49,852213,0,431185185,0,100.00,0,0,4,45,0,2532,269159
2026-05-12T00:29:01Z,49,857746,0,434015935,0,100.00,0,0,3,46,0,2532,269159
2026-05-12T00:29:06Z,49,863192,0,437356002,0,100.00,0,0,2,47,0,2532,269159
2026-05-12T00:29:11Z,49,868724,0,440390826,0,100.00,0,0,2,47,0,2532,269159
2026-05-12T00:29:16Z,49,873283,0,442697852,0,100.00,0,0,4,45,0,2532,269159
2026-05-12T00:29:22Z,49,877422,0,445051024,0,100.00,0,0,2,47,0,2532,269159
2026-05-12T00:29:27Z,49,881843,0,446845983,0,100.00,0,0,1,48,0,2532,269159
2026-05-12T00:29:32Z,49,885788,0,449349790,0,100.00,0,0,2,47,0,2532,269159
2026-05-12T00:29:37Z,49,889968,0,451601320,0,100.00,0,0,3,46,0,2532,269159
2026-05-12T00:29:42Z,49,894148,0,453546198,0,100.00,0,0,1,48,0,2532,269159
2026-05-12T00:29:47Z,49,903216,0,457341649,0,100.00,0,0,3,46,0,2532,269159
2026-05-12T00:29:53Z,49,913408,0,463245950,0,100.00,0,0,5,44,0,2532,269159
2026-05-12T00:29:58Z,49,923588,0,468128315,0,100.00,0,0,6,43,0,2532,269159
2026-05-12T00:30:04Z,49,933345,0,473771961,0,100.00,0,0,1,48,0,2532,269159
2026-05-12T00:30:09Z,49,943231,0,478292632,0,100.00,0,0,13,36,0,2532,269159
2026-05-12T00:30:14Z,49,952351,0,483212972,0,100.00,0,0,8,41,0,2532,269159
2026-05-12T00:30:20Z,49,962565,0,488964708,0,100.00,0,0,1,48,0,2532,269159
2026-05-12T00:30:25Z,49,971997,0,493275529,0,100.00,0,0,2,47,0,2532,269159
2026-05-12T00:30:30Z,49,979775,0,497871883,0,100.00,0,0,9,40,0,2532,269159
2026-05-12T00:30:36Z,49,989212,0,502846262,0,100.00,0,0,2,47,0,2532,269159
2026-05-12T00:30:41Z,49,999201,0,507828984,0,100.00,0,0,13,36,0,2532,269159
2026-05-12T00:30:46Z,49,1008985,0,512706332,0,100.00,0,0,2,47,0,2532,269159
2026-05-12T00:30:51Z,49,1016591,0,516534602,0,100.00,0,0,5,44,0,2532,269159
2026-05-12T00:30:57Z,49,1025207,0,520835235,0,100.00,0,0,4,45,0,2532,269159
2026-05-12T00:31:02Z,49,1033440,0,525284404,0,100.00,0,0,3,46,0,2532,269159
2026-05-12T00:31:07Z,49,1041906,0,529175141,0,100.00,0,0,3,46,0,2532,269159
2026-05-12T00:31:13Z,49,1050293,0,532808533,0,100.00,0,0,1,48,0,2532,269159
2026-05-12T00:31:18Z,49,1058368,0,537101831,0,100.00,0,0,12,37,0,2532,269159
2026-05-12T00:31:23Z,49,1068010,0,543100468,0,100.00,0,0,4,45,0,2532,269159
2026-05-12T00:31:29Z,49,1078368,0,548291709,0,100.00,0,0,8,41,0,2532,269159
2026-05-12T00:31:34Z,49,1089100,0,553692447,0,100.00,0,0,8,41,0,2532,269159
2026-05-12T00:31:39Z,49,1099840,0,558581882,0,100.00,0,0,3,46,0,2532,269159
2026-05-12T00:31:45Z,49,1110133,0,563006638,0,100.00,0,0,20,29,0,2532,269159
2026-05-12T00:31:50Z,49,1121330,0,569383202,0,100.00,0,0,11,38,0,2532,269159
2026-05-12T00:31:56Z,49,1133558,0,574752712,0,100.00,0,0,8,41,0,2532,269159
2026-05-12T00:32:01Z,49,1145111,0,580470423,0,100.00,0,0,11,38,0,2532,269159
2026-05-12T00:32:06Z,49,1156241,0,586539157,0,100.00,0,0,5,44,0,2532,269159
2026-05-12T00:32:12Z,49,1167685,0,591642044,0,100.00,0,0,7,42,0,2532,269159
2026-05-12T00:32:17Z,49,1179588,0,596597826,0,100.00,0,0,9,40,0,2532,269159
2026-05-12T00:32:23Z,49,1190368,0,602203589,0,100.00,0,0,4,45,0,2532,269159
2026-05-12T00:32:28Z,49,1201257,0,607963614,0,100.00,0,0,6,43,0,2532,269159
2026-05-12T00:32:33Z,49,1210987,0,613402237,0,100.00,0,0,4,45,0,2532,269159
2026-05-12T00:32:39Z,49,1221338,0,618440522,0,100.00,0,0,5,44,0,2532,269159
2026-05-12T00:32:44Z,49,1232085,0,623841373,0,100.00,0,0,1,48,0,2532,269159
2026-05-12T00:32:49Z,49,1240884,0,627889471,0,100.00,0,0,3,46,0,2532,269159
2026-05-12T00:32:55Z,49,1248587,0,632331589,0,100.00,0,0,5,44,0,2532,269159
2026-05-12T00:33:00Z,49,1256709,0,637187220,0,100.00,0,0,8,41,0,2532,269159
2026-05-12T00:33:05Z,49,1264926,0,641533124,0,100.00,0,0,1,48,0,2532,269159
2026-05-12T00:33:11Z,49,1273088,0,645979514,0,100.00,0,0,2,47,0,2532,269159
2026-05-12T00:33:16Z,49,1281384,0,649866355,0,100.00,0,0,5,44,0,2532,269159
2026-05-12T00:33:21Z,49,1291551,0,655105890,0,100.00,0,0,7,42,0,2532,269159
2026-05-12T00:33:27Z,49,1301299,0,659419959,0,100.00,0,0,2,47,0,2532,269159
2026-05-12T00:33:32Z,49,1310922,0,664448830,0,100.00,0,0,12,37,0,2532,269159
2026-05-12T00:33:37Z,49,1320792,0,670194959,0,100.00,0,0,6,43,0,2532,269159
2026-05-12T00:33:43Z,49,1331647,0,675137388,0,100.00,0,0,4,45,0,2532,269159
2026-05-12T00:33:48Z,49,1342311,0,679821510,0,100.00,0,0,5,44,0,2532,269159
2026-05-12T00:33:53Z,49,1352396,0,684652159,0,100.00,0,0,6,43,0,2532,269159
2026-05-12T00:33:59Z,49,1362400,0,689532510,0,100.00,0,0,17,32,0,2532,269159
2026-05-12T00:34:04Z,49,1371340,0,694756640,0,100.00,0,0,5,44,0,2532,269159
2026-05-12T00:34:09Z,49,1381195,0,699635072,0,100.00,0,0,2,47,0,2532,269159
2026-05-12T00:34:15Z,49,1388863,0,703514716,0,100.00,0,0,10,39,0,2532,269159
2026-05-12T00:34:20Z,49,1396292,0,707084700,0,100.00,0,0,1,48,0,2532,269159
2026-05-12T00:34:25Z,49,1402355,0,709768421,0,100.00,0,0,2,47,0,2532,269159
2026-05-12T00:34:30Z,49,1409129,0,712870087,0,100.00,0,0,3,46,0,2532,269159
2026-05-12T00:34:36Z,49,1415327,0,716117078,0,100.00,0,0,5,44,0,2532,269159
2026-05-12T00:34:41Z,49,1421272,0,719667786,0,100.00,0,0,1,48,0,2532,269159
2026-05-12T00:34:46Z,49,1427120,0,722246987,0,100.00,0,0,2,47,0,2532,269159
2026-05-12T00:34:51Z,49,1435089,0,726282531,0,100.00,0,0,7,42,0,2532,269159
2026-05-12T00:34:57Z,49,1444698,0,731106040,0,100.00,0,0,6,43,0,2532,269159
2026-05-12T00:35:02Z,49,1453842,0,735413091,0,100.00,0,0,1,48,0,2532,269159
2026-05-12T00:35:07Z,49,1462832,0,739258792,0,100.00,0,0,6,43,0,2532,269159
2026-05-12T00:35:13Z,49,1471840,0,743411610,0,100.00,0,0,6,43,0,2532,269159
2026-05-12T00:35:18Z,49,1480845,0,748074309,0,100.00,0,0,2,47,0,2532,269159
2026-05-12T00:35:23Z,49,1488466,0,751851159,0,100.00,0,0,4,45,0,2532,269159
2026-05-12T00:35:29Z,49,1496503,0,755685336,0,100.00,0,0,3,46,0,2532,269159
2026-05-12T00:35:34Z,49,1503511,0,759711876,0,100.00,0,0,1,48,0,2532,269159
2026-05-12T00:35:39Z,49,1510788,0,763944187,0,100.00,0,0,2,47,0,2532,269159
2026-05-12T00:35:44Z,49,1518604,0,767927537,0,100.00,0,0,2,47,0,2532,269159
2026-05-12T00:35:50Z,49,1526419,0,771965601,0,100.00,0,0,1,48,0,2532,269159
2026-05-12T00:35:55Z,49,1530243,0,774109880,0,100.00,0,0,2,47,0,2532,269159
2026-05-12T00:36:00Z,49,1534169,0,777072353,0,100.00,0,0,3,46,0,2532,269159
2026-05-12T00:36:05Z,49,1537981,0,779114216,0,100.00,0,0,3,46,0,2532,269159
2026-05-12T00:36:11Z,49,1541488,0,781662855,0,100.00,0,0,2,47,0,2532,269159
2026-05-12T00:36:16Z,49,1545364,0,783398900,0,100.00,0,0,4,45,0,2532,269159
2026-05-12T00:36:21Z,49,1549431,0,785548937,0,100.00,0,0,1,48,0,2532,269159
2026-05-12T00:36:26Z,49,1553675,0,787701489,0,100.00,0,0,3,46,0,2532,269159
2026-05-12T00:36:32Z,49,1558082,0,790415531,0,100.00,0,0,1,48,0,2532,269159
2026-05-12T00:36:37Z,49,1562383,0,792923479,0,100.00,0,0,3,46,0,2532,269159
2026-05-12T00:36:42Z,49,1566716,0,795329790,0,100.00,0,0,2,47,0,2532,269159
2026-05-12T00:36:47Z,49,1571051,0,797481523,0,100.00,0,0,2,47,0,2532,269159
2026-05-12T00:36:52Z,49,1576024,0,799844729,0,100.00,0,0,1,48,0,2532,269159
2026-05-12T00:36:58Z,49,1580473,0,802149612,0,100.00,0,0,2,47,0,2532,269159
2026-05-12T00:37:03Z,49,1585091,0,804612270,0,100.00,0,0,3,46,0,2532,269159
2026-05-12T00:37:08Z,49,1589165,0,806861245,0,100.00,0,0,4,45,0,2532,269159
2026-05-12T00:37:13Z,49,1593477,0,809113036,0,100.00,0,0,1,48,0,2532,269159
2026-05-12T00:37:18Z,49,1597975,0,811673685,0,100.00,0,0,3,46,0,2532,269159
2026-05-12T00:37:24Z,49,1605597,0,816576712,0,100.00,0,0,2,47,0,2532,269159
2026-05-12T00:37:29Z,49,1613477,0,821226095,0,100.00,0,0,9,40,0,2532,269159
2026-05-12T00:37:34Z,49,1622122,0,825681472,0,100.00,0,0,7,42,0,2532,269159
2026-05-12T00:37:40Z,49,1630947,0,830340478,0,100.00,0,0,1,48,0,2532,269159
2026-05-12T00:37:45Z,49,1639802,0,834949932,0,100.00,0,0,1,48,0,2532,269159
2026-05-12T00:37:50Z,49,1649108,0,839312000,0,100.00,0,0,5,44,0,2532,269159
2026-05-12T00:37:55Z,49,1657094,0,843554560,0,100.00,0,0,3,46,0,2532,269159
2026-05-12T00:38:01Z,49,1665687,0,848059416,0,100.00,0,0,4,45,0,2532,269159
2026-05-12T00:38:06Z,49,1674082,0,851947621,0,100.00,0,0,3,46,0,2532,269159
2026-05-12T00:38:11Z,49,1682166,0,856344064,0,100.00,0,0,3,46,0,2532,269159
2026-05-12T00:38:16Z,49,1689719,0,860682842,0,100.00,0,0,3,46,0,2532,269159
2026-05-12T00:38:22Z,49,1698499,0,864985888,0,100.00,0,0,1,48,0,2532,269159
2026-05-12T00:38:27Z,49,1707022,0,869999561,0,100.00,0,0,5,44,0,2532,269159
2026-05-12T00:38:32Z,49,1718669,0,875462543,0,100.00,0,0,16,33,0,2532,269159
2026-05-12T00:38:37Z,49,1729588,0,881630673,0,100.00,0,0,13,36,0,2532,269159
2026-05-12T00:38:43Z,49,1739102,0,887424020,0,100.00,0,0,1,48,0,2532,269159
2026-05-12T00:38:48Z,49,1747941,0,892951850,0,100.00,0,0,12,37,0,2532,269159
2026-05-12T00:38:54Z,49,1755677,0,896582080,0,100.00,0,0,4,45,0,2532,269159
2026-05-12T00:38:59Z,49,1760889,0,899102318,0,100.00,0,0,5,44,0,2532,269159
2026-05-12T00:39:04Z,49,1767085,0,902298947,0,100.00,0,0,3,46,0,2532,269159
2026-05-12T00:39:10Z,49,1771901,0,906192408,0,100.00,0,0,1,48,0,2532,269159
2026-05-12T00:39:15Z,49,1777358,0,909226130,0,100.00,0,0,3,46,0,2532,269159
2026-05-12T00:39:20Z,49,1782406,0,912560981,0,100.00,0,0,9,40,0,2532,269159
2026-05-12T00:39:25Z,49,1789701,0,916639782,0,100.00,0,0,4,45,0,2532,269159
2026-05-12T00:39:31Z,49,1796889,0,920310045,0,100.00,0,0,2,47,0,2532,269159
2026-05-12T00:39:36Z,49,1804244,0,924338934,0,100.00,0,0,3,46,0,2532,269159
2026-05-12T00:39:41Z,49,1811393,0,927908656,0,100.00,0,0,3,46,0,2532,269159
2026-05-12T00:39:46Z,49,1819298,0,930974016,0,100.00,0,0,7,42,0,2532,269159
2026-05-12T00:39:52Z,48,1826143,0,935405011,0,100.00,0,0,1,48,0,2532,269159
2026-05-12T00:39:57Z,49,1832477,0,938758831,0,100.00,0,0,2,47,0,2532,269159
2026-05-12T00:40:02Z,49,1839193,0,942166115,0,100.00,0,0,4,45,0,2532,269159
2026-05-12T00:40:08Z,49,1845732,0,945676228,0,100.00,0,0,2,47,0,2532,269159
2026-05-12T00:40:13Z,49,1851923,0,948925526,0,100.00,0,0,2,47,0,2532,269159
2026-05-12T00:40:18Z,49,1858570,0,952027060,0,100.00,0,0,1,48,0,2532,269159
2026-05-12T00:40:23Z,49,1863817,0,955517907,0,100.00,0,0,1,48,0,2532,269159
2026-05-12T00:40:28Z,49,1867628,0,957253371,0,100.00,0,0,6,43,0,2532,269159
2026-05-12T00:40:34Z,49,1871672,0,959451646,0,100.00,0,0,2,47,0,2532,269159
2026-05-12T00:40:39Z,49,1875393,0,961544543,0,100.00,0,0,2,47,0,2532,269159
2026-05-12T00:40:44Z,49,1878986,0,963737066,0,100.00,0,0,1,48,0,2532,269159
2026-05-12T00:40:49Z,49,1882812,0,965626216,0,100.00,0,0,1,48,0,2532,269159
2026-05-12T00:40:55Z,49,1889488,0,968778450,0,100.00,0,0,9,40,0,2532,269159
2026-05-12T00:41:00Z,49,1897545,0,973328237,0,100.00,0,0,9,40,0,2532,269159
2026-05-12T00:41:05Z,49,1905857,0,978088271,0,100.00,0,0,4,45,0,2532,269159
2026-05-12T00:41:11Z,49,1914111,0,982181215,0,100.00,0,0,7,42,0,2532,269159
2026-05-12T00:41:16Z,49,1921681,0,986469138,0,100.00,0,0,3,46,0,2532,269159
2026-05-12T00:41:21Z,49,1929394,0,990911763,0,100.00,0,0,1,48,0,2532,269159
2026-05-12T00:41:27Z,49,1935072,0,993693443,0,100.00,0,0,4,45,0,2532,269159
2026-05-12T00:41:32Z,49,1941000,0,996734100,0,100.00,0,0,4,45,0,2532,269159
2026-05-12T00:41:37Z,49,1946640,0,999514855,0,100.00,0,0,4,45,0,2532,269159
2026-05-12T00:41:42Z,49,1952468,0,1001787705,0,100.00,0,0,2,47,0,2532,269159
2026-05-12T00:41:48Z,49,1957765,0,1004716849,0,100.00,0,0,1,48,0,2532,269159
2026-05-12T00:41:53Z,49,1964037,0,1007557577,0,100.00,0,0,7,42,0,2532,269159
2026-05-12T00:41:58Z,49,1972026,0,1012411636,0,100.00,0,0,4,45,0,2532,269159
2026-05-12T00:42:03Z,49,1981199,0,1016825050,0,100.00,0,0,9,40,0,2532,269159
2026-05-12T00:42:09Z,49,1989941,0,1021282388,0,100.00,0,0,3,46,0,2532,269159
2026-05-12T00:42:14Z,49,1998573,0,1025328441,0,100.00,0,0,2,47,0,2532,269159
2026-05-12T00:42:19Z,49,2006874,0,1029982485,0,100.00,0,0,4,45,0,2532,269159
2026-05-12T00:42:25Z,49,2013623,0,1033594369,0,100.00,0,0,4,45,0,2532,269159
2026-05-12T00:42:30Z,49,2018570,0,1036571238,0,100.00,0,0,3,46,0,2532,269159
2026-05-12T00:42:35Z,49,2023912,0,1039401297,0,100.00,0,0,3,46,0,2532,269159
2026-05-12T00:42:40Z,49,2029127,0,1041973725,0,100.00,0,0,2,47,0,2532,269159
2026-05-12T00:42:46Z,49,2034050,0,1044744880,0,100.00,0,0,2,47,0,2532,269159
2026-05-12T00:42:51Z,49,2039164,0,1047621429,0,100.00,0,0,2,47,0,2532,269159
2026-05-12T00:42:56Z,49,2045205,0,1051326589,0,100.00,0,0,4,45,0,2532,269159
2026-05-12T00:43:01Z,49,2051522,0,1054882750,0,100.00,0,0,2,47,0,2532,269159
2026-05-12T00:43:07Z,49,2058207,0,1058034314,0,100.00,0,0,1,48,0,2532,269159
2026-05-12T00:43:12Z,49,2064525,0,1061130265,0,100.00,0,0,3,46,0,2532,269159
2026-05-12T00:43:17Z,49,2070773,0,1064582608,0,100.00,0,0,7,42,0,2532,269159
2026-05-12T00:43:22Z,49,2077184,0,1067782066,0,100.00,0,0,6,43,0,2532,269159
2026-05-12T00:43:28Z,49,2085334,0,1072434257,0,100.00,0,0,8,41,0,2532,269159
2026-05-12T00:43:33Z,49,2094314,0,1077097839,0,100.00,0,0,5,44,0,2532,269159
2026-05-12T00:43:38Z,49,2102805,0,1081294508,0,100.00,0,0,7,42,0,2532,269159
2026-05-12T00:43:44Z,49,2111385,0,1085594749,0,100.00,0,0,2,47,0,2532,269159
2026-05-12T00:43:49Z,49,2120032,0,1089844745,0,100.00,0,0,2,47,0,2532,269159
2026-05-12T00:43:54Z,49,2128167,0,1094853445,0,100.00,0,0,4,45,0,2532,269159
2026-05-12T00:44:00Z,49,2137212,0,1099465950,0,100.00,0,0,6,43,0,2532,269159
2026-05-12T00:44:05Z,49,2146552,0,1104644291,0,100.00,0,0,4,45,0,2532,269159
2026-05-12T00:44:10Z,49,2155368,0,1109304572,0,100.00,0,0,6,43,0,2532,269159
2026-05-12T00:44:16Z,49,2164551,0,1114378443,0,100.00,0,0,2,47,0,2532,269159
2026-05-12T00:44:21Z,49,2170578,0,1117521446,0,100.00,0,0,10,39,0,2532,269159
2026-05-12T00:44:26Z,49,2179652,0,1121981241,0,100.00,0,0,7,42,0,2532,269159
2026-05-12T00:44:32Z,49,2189223,0,1126651836,0,100.00,0,0,4,45,0,2532,269159
2026-05-12T00:44:37Z,49,2198739,0,1130912613,0,100.00,0,0,7,42,0,2532,269159
2026-05-12T00:44:42Z,49,2207728,0,1135575775,0,100.00,0,0,4,45,0,2532,269159
2026-05-12T00:44:48Z,49,2216700,0,1139932180,0,100.00,0,0,3,46,0,2532,269159
2026-05-12T00:44:53Z,49,2225921,0,1144802313,0,100.00,0,0,13,36,0,2532,269159
2026-05-12T00:44:58Z,49,2234498,0,1150378578,0,100.00,0,0,12,37,0,2532,269159
2026-05-12T00:45:03Z,49,2243859,0,1155608118,0,100.00,0,0,2,47,0,2532,269159
2026-05-12T00:45:09Z,49,2254033,0,1160235006,0,100.00,0,0,8,41,0,2532,269159
2026-05-12T00:45:14Z,49,2264068,0,1165115711,0,100.00,0,0,2,47,0,2532,269159
2026-05-12T00:45:19Z,49,2274563,0,1168725776,0,100.00,0,0,2,47,0,2532,269159
2026-05-12T00:45:25Z,49,2284497,0,1173553979,0,100.00,0,0,4,45,0,2532,269159
2026-05-12T00:45:30Z,49,2294000,0,1177866092,0,100.00,0,0,3,46,0,2532,269159
2026-05-12T00:45:35Z,49,2304208,0,1183055800,0,100.00,0,0,4,45,0,2532,269159
2026-05-12T00:45:41Z,49,2314410,0,1188501030,0,100.00,0,0,6,43,0,2532,269159
2026-05-12T00:45:46Z,49,2324798,0,1193335548,0,100.00,0,0,6,43,0,2532,269159
2026-05-12T00:45:51Z,49,2334651,0,1198571352,0,100.00,0,0,3,46,0,2532,269159
2026-05-12T00:45:57Z,49,2344121,0,1204006406,0,100.00,0,0,6,43,0,2532,269159
2026-05-12T00:46:02Z,49,2355563,0,1209620575,0,100.00,0,0,11,38,0,2532,269159
2026-05-12T00:46:07Z,49,2365879,0,1215729756,0,100.00,0,0,7,42,0,2532,269159
2026-05-12T00:46:13Z,49,2376369,0,1221280068,0,100.00,0,0,7,42,0,2532,269159
2026-05-12T00:46:18Z,49,2386421,0,1226569679,0,100.00,0,0,16,33,0,2532,269159
2026-05-12T00:46:23Z,49,2395353,0,1232048406,0,100.00,0,0,2,47,0,2532,269159
2026-05-12T00:46:29Z,49,2406310,0,1236941184,0,100.00,0,0,5,44,0,2532,269159
2026-05-12T00:46:34Z,49,2416633,0,1242131888,0,100.00,0,0,3,46,0,2532,269159
2026-05-12T00:46:39Z,49,2426253,0,1246904443,0,100.00,0,0,7,42,0,2532,269159
2026-05-12T00:46:45Z,49,2435422,0,1251773410,0,100.00,0,0,9,40,0,2532,269159
2026-05-12T00:46:50Z,49,2445183,0,1257570194,0,100.00,0,0,4,45,0,2532,269159
2026-05-12T00:46:55Z,49,2455127,0,1262807100,0,100.00,0,0,14,35,0,2532,269159
2026-05-12T00:47:01Z,49,2465723,0,1268461075,0,100.00,0,0,7,42,0,2532,269159
2026-05-12T00:47:06Z,49,2476316,0,1274369433,0,100.00,0,0,3,46,0,2532,269159
2026-05-12T00:47:11Z,49,2487246,0,1279925676,0,100.00,0,0,9,40,0,2532,269159
2026-05-12T00:47:17Z,49,2498720,0,1285437561,0,100.00,0,0,5,44,0,2532,269159
2026-05-12T00:47:22Z,49,2510100,0,1290233252,0,100.00,0,0,23,26,0,2532,269159
2026-05-12T00:47:28Z,49,2517443,0,1294670257,0,100.00,0,0,2,47,0,2532,269159
2026-05-12T00:47:33Z,49,2524894,0,1298700175,0,100.00,0,0,4,45,0,2532,269159
2026-05-12T00:47:38Z,49,2531626,0,1301699355,0,100.00,0,0,2,47,0,2532,269159
2026-05-12T00:47:43Z,49,2537672,0,1304842549,0,100.00,0,0,2,47,0,2532,269159
2026-05-12T00:47:49Z,49,2543887,0,1308498411,0,100.00,0,0,1,48,0,2532,269159
2026-05-12T00:47:54Z,49,2550093,0,1311898723,0,100.00,0,0,4,45,0,2532,269159
2026-05-12T00:47:59Z,49,2558248,0,1316090767,0,100.00,0,0,1,48,0,2532,269159
2026-05-12T00:48:04Z,49,2566871,0,1320646149,0,100.00,0,0,9,40,0,2532,269159
2026-05-12T00:48:10Z,49,2576005,0,1324493708,0,100.00,0,0,2,47,0,2532,269159
2026-05-12T00:48:15Z,49,2585001,0,1328595084,0,100.00,0,0,4,45,0,2532,269159
2026-05-12T00:48:20Z,49,2593257,0,1332736933,0,100.00,0,0,1,48,0,2532,269159
2026-05-12T00:48:25Z,49,2600200,0,1336607134,0,100.00,0,0,1,48,0,2532,269159
2026-05-12T00:48:31Z,49,2606462,0,1339600155,0,100.00,0,0,1,48,0,2532,269159
2026-05-12T00:48:36Z,49,2612991,0,1342902912,0,100.00,0,0,1,48,0,2532,269159
2026-05-12T00:48:41Z,49,2619224,0,1345691565,0,100.00,0,0,3,46,0,2532,269159
2026-05-12T00:48:46Z,49,2625461,0,1348939991,0,100.00,0,0,4,45,0,2532,269159
2026-05-12T00:48:51Z,49,2631682,0,1352188164,0,100.00,0,0,2,47,0,2532,269159
2026-05-12T00:48:57Z,49,2639125,0,1355758583,0,100.00,0,0,3,46,0,2532,269159
2026-05-12T00:49:02Z,49,2645453,0,1359314598,0,100.00,0,0,3,46,0,2532,269159
2026-05-12T00:49:07Z,49,2652186,0,1362876086,0,100.00,0,0,2,47,0,2532,269159
2026-05-12T00:49:12Z,49,2658040,0,1365761732,0,100.00,0,0,2,47,0,2532,269159
2026-05-12T00:49:18Z,49,2664587,0,1368758193,0,100.00,0,0,1,48,0,2532,269159
2026-05-12T00:49:23Z,49,2670854,0,1372261933,0,100.00,0,0,6,43,0,2532,269159
2026-05-12T00:49:28Z,49,2678877,0,1376095063,0,100.00,0,0,1,48,0,2532,269159
2026-05-12T00:49:33Z,49,2687482,0,1380497376,0,100.00,0,0,2,47,0,2532,269159
2026-05-12T00:49:39Z,49,2695088,0,1384631277,0,100.00,0,0,6,43,0,2532,269159
2026-05-12T00:49:44Z,49,2703203,0,1389435661,0,100.00,0,0,5,44,0,2532,269159
2026-05-12T00:49:49Z,49,2710961,0,1393776637,0,100.00,0,0,2,47,0,2532,269159
2026-05-12T00:49:54Z,49,2719174,0,1397714323,0,100.00,0,0,6,43,0,2532,269159
2026-05-12T00:50:00Z,49,2729177,0,1402697236,0,100.00,0,0,9,40,0,2532,269159
2026-05-12T00:50:05Z,49,2739881,0,1408556540,0,100.00,0,0,5,44,0,2532,269159
2026-05-12T00:50:10Z,49,2749892,0,1414305363,0,100.00,0,0,4,45,0,2532,269159
2026-05-12T00:50:16Z,49,2759397,0,1419587901,0,100.00,0,0,2,47,0,2532,269159
2026-05-12T00:50:21Z,49,2770322,0,1425041329,0,100.00,0,0,9,40,0,2532,269159
2026-05-12T00:50:26Z,49,2779536,0,1430114875,0,100.00,0,0,6,43,0,2532,269159
2026-05-12T00:50:32Z,49,2789042,0,1435243816,0,100.00,0,0,10,39,0,2532,269159
2026-05-12T00:50:37Z,49,2798668,0,1441344619,0,100.00,0,0,3,46,0,2532,269159
2026-05-12T00:50:42Z,49,2808688,0,1446173964,0,100.00,0,0,2,47,0,2532,269159
2026-05-12T00:50:48Z,49,2818115,0,1451046818,0,100.00,0,0,9,40,0,2532,269159
2026-05-12T00:50:53Z,49,2827913,0,1455923942,0,100.00,0,0,6,43,0,2532,269159
2026-05-12T00:50:58Z,49,2834887,0,1459232769,0,100.00,0,0,1,48,0,2532,269159
2026-05-12T00:51:04Z,49,2838249,0,1460402628,0,100.00,0,0,4,45,0,2532,269159
2026-05-12T00:51:09Z,49,2841564,0,1462639834,0,100.00,0,0,3,46,0,2532,269159
2026-05-12T00:51:14Z,49,2844801,0,1464163446,0,100.00,0,0,1,48,0,2532,269159
2026-05-12T00:51:19Z,49,2847994,0,1465788786,0,100.00,0,0,3,46,0,2532,269159
2026-05-12T00:51:24Z,49,2851385,0,1467211899,0,100.00,0,0,1,48,0,2532,269159
2026-05-12T00:51:30Z,49,2858166,0,1470569461,0,100.00,0,0,4,45,0,2532,269159
2026-05-12T00:51:35Z,49,2865916,0,1474041105,0,100.00,0,0,2,47,0,2532,269159
2026-05-12T00:51:40Z,49,2873824,0,1478638612,0,100.00,0,0,3,46,0,2532,269159
2026-05-12T00:51:45Z,49,2881715,0,1482929663,0,100.00,0,0,3,46,0,2532,269159
2026-05-12T00:51:50Z,49,2889550,0,1486964801,0,100.00,0,0,4,45,0,2532,269159
2026-05-12T00:51:56Z,49,2896791,0,1491043240,0,100.00,0,0,1,48,0,2532,269159
2026-05-12T00:52:01Z,49,2903882,0,1494353816,0,100.00,0,0,5,44,0,2532,269159
2026-05-12T00:52:06Z,49,2909091,0,1497486437,0,100.00,0,0,5,44,0,2532,269159
2026-05-12T00:52:11Z,49,2914472,0,1500978423,0,100.00,0,0,3,46,0,2532,269159
2026-05-12T00:52:17Z,49,2919786,0,1504112909,0,100.00,0,0,2,47,0,2532,269159
2026-05-12T00:52:22Z,49,2924790,0,1506731749,0,100.00,0,0,2,47,0,2532,269159
2026-05-12T00:52:27Z,49,2929929,0,1509914575,0,100.00,0,0,3,46,0,2532,269159
2026-05-12T00:52:32Z,49,2936040,0,1513723167,0,100.00,0,0,4,45,0,2532,269159
2026-05-12T00:52:38Z,49,2942513,0,1517178928,0,100.00,0,0,4,45,0,2532,269159
2026-05-12T00:52:43Z,49,2948743,0,1520733463,0,100.00,0,0,2,47,0,2532,269159
2026-05-12T00:52:48Z,49,2955550,0,1523681934,0,100.00,0,0,1,48,0,2532,269159
2026-05-12T00:52:54Z,49,2961976,0,1526983997,0,100.00,0,0,3,46,0,2532,269159
2026-05-12T00:52:59Z,49,2967989,0,1530024578,0,100.00,0,0,1,48,0,2532,269159
2026-05-12T00:53:04Z,49,2974477,0,1533530797,0,100.00,0,0,2,47,0,2532,269159
2026-05-12T00:53:09Z,49,2980644,0,1536778084,0,100.00,0,0,2,47,0,2532,269159
2026-05-12T00:53:14Z,49,2986957,0,1540230783,0,100.00,0,0,1,48,0,2532,269159
2026-05-12T00:53:20Z,49,2993399,0,1543533152,0,100.00,0,0,2,47,0,2532,269159
2026-05-12T00:53:25Z,49,2999845,0,1546936879,0,100.00,0,0,2,47,0,2532,269159
2026-05-12T00:53:30Z,49,3007395,0,1551223014,0,100.00,0,0,4,45,0,2532,269159
2026-05-12T00:53:35Z,49,3017478,0,1556818403,0,100.00,0,0,3,46,0,2532,269159
2026-05-12T00:53:41Z,49,3027870,0,1562469643,0,100.00,0,0,6,43,0,2532,269159
2026-05-12T00:53:46Z,49,3038815,0,1567413474,0,100.00,0,0,4,45,0,2532,269159
2026-05-12T00:53:51Z,49,3049616,0,1573018305,0,100.00,0,0,4,45,0,2532,269159
2026-05-12T00:53:57Z,49,3060328,0,1577754362,0,100.00,0,0,17,32,0,2532,269159
2026-05-12T00:54:02Z,49,3067773,0,1582447337,0,100.00,0,0,1,48,0,2532,269159
2026-05-12T00:54:07Z,49,3074507,0,1585446237,0,100.00,0,0,4,45,0,2532,269159
2026-05-12T00:54:12Z,49,3081306,0,1588803940,0,100.00,0,0,3,46,0,2532,269159
2026-05-12T00:54:18Z,49,3088113,0,1592109960,0,100.00,0,0,2,47,0,2532,269159
2026-05-12T00:54:23Z,49,3094579,0,1595667396,0,100.00,0,0,2,47,0,2532,269159
2026-05-12T00:54:28Z,49,3101204,0,1598767104,0,100.00,0,0,9,40,0,2532,269159
2026-05-12T00:54:34Z,49,3105208,0,1601168364,0,100.00,0,0,2,47,0,2532,269159
2026-05-12T00:54:39Z,49,3109008,0,1603158486,0,100.00,0,0,2,47,0,2532,269159
2026-05-12T00:54:44Z,49,3112481,0,1604990892,0,100.00,0,0,3,46,0,2532,269159
2026-05-12T00:54:49Z,49,3115899,0,1606669720,0,100.00,0,0,2,47,0,2532,269159
2026-05-12T00:54:54Z,49,3119439,0,1608605796,0,100.00,0,0,3,46,0,2532,269159
2026-05-12T00:55:00Z,49,3123299,0,1610903251,0,100.00,0,0,2,47,0,2532,269159
2026-05-12T00:55:05Z,49,3127840,0,1612750515,0,100.00,0,0,1,48,0,2532,269159
2026-05-12T00:55:10Z,49,3132603,0,1614957528,0,100.00,0,0,3,46,0,2532,269159
2026-05-12T00:55:15Z,49,3136901,0,1616903866,0,100.00,0,0,1,48,0,2532,269159
2026-05-12T00:55:20Z,49,3141054,0,1618796611,0,100.00,0,0,4,45,0,2532,269159
2026-05-12T00:55:26Z,49,3145158,0,1620996094,0,100.00,0,0,1,48,0,2532,269159
2026-05-12T00:55:31Z,49,3150697,0,1623979465,0,100.00,0,0,7,42,0,2532,269159
2026-05-12T00:55:36Z,49,3161163,0,1629018492,0,100.00,0,0,3,46,0,2532,269159
2026-05-12T00:55:42Z,49,3171408,0,1634513790,0,100.00,0,0,4,45,0,2532,269159
2026-05-12T00:55:47Z,49,3182012,0,1639299076,0,100.00,0,0,1,48,0,2532,269159
2026-05-12T00:55:52Z,49,3191988,0,1644484764,0,100.00,0,0,4,45,0,2532,269159
2026-05-12T00:55:57Z,49,3201706,0,1649973154,0,100.00,0,0,8,41,0,2532,269159
2026-05-12T00:56:03Z,49,3209145,0,1654309325,0,100.00,0,0,7,42,0,2532,269159
2026-05-12T00:56:08Z,49,3214617,0,1657138140,0,100.00,0,0,2,47,0,2532,269159
2026-05-12T00:56:13Z,49,3220826,0,1659568431,0,100.00,0,0,3,46,0,2532,269159
2026-05-12T00:56:18Z,49,3226436,0,1661991178,0,100.00,0,0,2,47,0,2532,269159
2026-05-12T00:56:24Z,49,3231153,0,1663891092,0,100.00,0,0,2,47,0,2532,269159
2026-05-12T00:56:29Z,49,3235583,0,1666093788,0,100.00,0,0,3,46,0,2532,269159
2026-05-12T00:56:34Z,49,3244595,0,1670603951,0,100.00,0,0,5,44,0,2532,269159
2026-05-12T00:56:39Z,49,3254792,0,1676405415,0,100.00,0,0,3,46,0,2532,269159
2026-05-12T00:56:45Z,49,3265433,0,1681191129,0,100.00,0,0,2,47,0,2532,269159
2026-05-12T00:56:50Z,49,3275403,0,1686529989,0,100.00,0,0,4,45,0,2532,269159
2026-05-12T00:56:55Z,49,3285567,0,1691667399,0,100.00,0,0,10,39,0,2532,269159
2026-05-12T00:57:01Z,49,3296133,0,1696452498,0,100.00,0,0,8,41,0,2532,269159
2026-05-12T00:57:06Z,49,3303867,0,1700996506,0,100.00,0,0,8,41,0,2532,269159
2026-05-12T00:57:11Z,49,3311714,0,1705950243,0,100.00,0,0,4,45,0,2532,269159
2026-05-12T00:57:17Z,49,3319354,0,1710748063,0,100.00,0,0,3,46,0,2532,269159
2026-05-12T00:57:22Z,49,3327763,0,1714585502,0,100.00,0,0,3,46,0,2532,269159
2026-05-12T00:57:27Z,49,3335551,0,1718976527,0,100.00,0,0,5,44,0,2532,269159
2026-05-12T00:57:32Z,49,3342214,0,1722944476,0,100.00,0,0,3,46,0,2532,269159
2026-05-12T00:57:38Z,49,3349026,0,1726812393,0,100.00,0,0,4,45,0,2532,269159
2026-05-12T00:57:43Z,49,3356240,0,1731042505,0,100.00,0,0,4,45,0,2532,269159
2026-05-12T00:57:48Z,49,3363022,0,1734654679,0,100.00,0,0,1,48,0,2532,269159
2026-05-12T00:57:53Z,49,3369749,0,1737806411,0,100.00,0,0,2,47,0,2532,269159
2026-05-12T00:57:59Z,49,3375870,0,1740796959,0,100.00,0,0,4,45,0,2532,269159
2026-05-12T00:58:04Z,49,3376606,0,1741011440,0,100.00,0,0,1,48,0,2532,269159
2026-05-12T00:58:09Z,49,3376933,0,1741271932,0,100.00,0,0,1,48,0,2532,269159
2026-05-12T00:58:14Z,49,3377243,0,1741429929,0,100.00,0,0,1,48,0,2532,269159
2026-05-12T00:58:20Z,49,3377251,0,1741430930,0,100.00,0,0,1,48,0,2532,269159
2026-05-12T00:58:25Z,49,3377259,0,1741431931,0,100.00,0,0,1,48,0,2532,269159
2026-05-12T00:58:30Z,49,3377267,0,1741432932,0,100.00,0,0,1,48,0,2532,269159
2026-05-12T00:58:35Z,49,3377275,0,1741433933,0,100.00,0,0,1,48,0,2532,269159
2026-05-12T00:58:40Z,49,3377284,0,1741434965,0,100.00,0,0,1,48,0,2532,269159
2026-05-12T00:58:45Z,49,3377292,0,1741435966,0,100.00,0,0,1,48,0,2532,269159
2026-05-12T00:58:51Z,49,3377300,0,1741436967,0,100.00,0,0,1,48,0,2532,269159
2026-05-12T00:58:56Z,49,3377308,0,1741437968,0,100.00,0,0,1,48,0,2532,269159
2026-05-12T00:59:01Z,49,3377320,0,1741439073,0,100.00,0,0,1,48,0,2532,269159
2026-05-12T00:59:06Z,49,3377328,0,1741440074,0,100.00,0,0,1,48,0,2532,269159
2026-05-12T00:59:11Z,49,3377336,0,1741441075,0,100.00,0,0,1,48,0,2532,269159
2026-05-12T00:59:16Z,49,3377344,0,1741442076,0,100.00,0,0,1,48,0,2532,269159
2026-05-12T00:59:22Z,49,3377352,0,1741443077,0,100.00,0,0,1,48,0,2532,269159
2026-05-12T00:59:27Z,49,3377360,0,1741444078,0,100.00,0,0,1,48,0,2532,269159
2026-05-12T00:59:32Z,49,3377368,0,1741445079,0,100.00,0,0,1,48,0,2532,269159
2026-05-12T00:59:37Z,49,3377378,0,1741446111,0,100.00,0,0,1,48,0,2532,269159
2026-05-12T00:59:42Z,49,3377388,0,1741447143,0,100.00,0,0,1,48,0,2532,269159
2026-05-12T00:59:47Z,49,3377396,0,1741448144,0,100.00,0,0,1,48,0,2532,269159
2026-05-12T00:59:53Z,49,3377404,0,1741449145,0,100.00,0,0,1,48,0,2532,269159
2026-05-12T00:59:58Z,49,3377412,0,1741450146,0,100.00,0,0,1,48,0,2532,269159
2026-05-12T01:00:03Z,49,3377422,0,1741451220,0,100.00,0,0,1,48,0,2532,269159
2026-05-12T01:00:08Z,49,3377430,0,1741452221,0,100.00,0,0,1,48,0,2532,269159
2026-05-12T01:00:13Z,49,3377438,0,1741453222,0,100.00,0,0,1,48,0,2532,269159
2026-05-12T01:00:19Z,49,3377446,0,1741454223,0,100.00,0,0,1,48,0,2532,269159
2026-05-12T01:00:24Z,49,3377454,0,1741455224,0,100.00,0,0,1,48,0,2532,269159
2026-05-12T01:00:29Z,49,3377462,0,1741456225,0,100.00,0,0,1,48,0,2532,269159
2026-05-12T01:00:34Z,49,3377470,0,1741457226,0,100.00,0,0,1,48,0,2532,269159
2026-05-12T01:00:39Z,49,3377481,0,1741458258,0,100.00,0,0,1,48,0,2532,269159
2026-05-12T01:00:44Z,49,3377489,0,1741459259,0,100.00,0,0,1,48,0,2532,269159
